family_no,family,checklist_item,status,evidence_level,primary_evidence,direct_inventory_examples,note
1,Header And Top Rail,Settings menu closed button internal padding.,zero-delta,direct-measurement,final-margin-pass-v3 header-action-rail/header menu artifacts,all-settings-geometry: section content left padding | all-settings-geometry: section content right padding | all-settings-geometry: section parameter row gap,Header rail and menu internals are measured in header action/menu CSVs.
1,Header And Top Rail,Project menu closed button internal padding.,zero-delta,direct-measurement,final-margin-pass-v3 header-action-rail/header menu artifacts,closed-combo-geometry: closed combo left cell inset | dashboard-geometry-overlay: dashboard card left internal padding | header-action-rail-geometry: header menu button gap,Header rail and menu internals are measured in header action/menu CSVs.
1,Header And Top Rail,View menu closed button internal padding.,zero-delta,direct-measurement,final-margin-pass-v3 header-action-rail/header menu artifacts,closed-combo-geometry: closed combo left cell inset | dashboard-geometry-overlay: dashboard card left internal padding | header-action-rail-geometry: header menu button gap,Header rail and menu internals are measured in header action/menu CSVs.
1,Header And Top Rail,Header menu chevron rail.,zero-delta,direct-measurement,final-margin-pass-v3 header-action-rail/header menu artifacts,dashboard-geometry-overlay: header to input pane | header-action-rail-geometry: header tab left inset | header-action-rail-geometry: header tab top join,Header rail and menu internals are measured in header action/menu CSVs.
1,Header And Top Rail,Header menu label-to-chevron gap.,zero-delta,direct-measurement,final-margin-pass-v3 header-action-rail/header menu artifacts,dashboard-geometry-overlay: header to input pane | header-action-rail-geometry: header tab left inset | header-action-rail-geometry: header tab top join,Header rail and menu internals are measured in header action/menu CSVs.
1,Header And Top Rail,Header menu button-to-button gap.,zero-delta,direct-measurement,final-margin-pass-v3 header-action-rail/header menu artifacts,dashboard-geometry-overlay: header to input pane | header-action-rail-geometry: header tab left inset | header-action-rail-geometry: header tab top join,Header rail and menu internals are measured in header action/menu CSVs.
1,Header And Top Rail,Header action rail outer padding.,zero-delta,direct-measurement,final-margin-pass-v3 header-action-rail/header menu artifacts,dashboard-geometry-overlay: left outer margin | dashboard-geometry-overlay: input pane to output pane | dashboard-geometry-overlay: right outer margin,Header rail and menu internals are measured in header action/menu CSVs.
1,Header And Top Rail,Header action rail tab-to-box join.,zero-delta,direct-measurement,final-margin-pass-v3 header-action-rail/header menu artifacts,dashboard-geometry-overlay: header to input pane | dashboard-geometry-overlay: output pane to run button | dashboard-geometry-overlay: run button to bottom,Header rail and menu internals are measured in header action/menu CSVs.
1,Header And Top Rail,Header action rail border/radius consistency.,zero-delta,direct-measurement,final-margin-pass-v3 header-action-rail/header menu artifacts,all-settings-geometry: section content left padding | all-settings-geometry: section content right padding | channel-panel-geometry: channel title left inset,Header rail and menu internals are measured in header action/menu CSVs.
1,Header And Top Rail,Header title block to action rail spacing.,zero-delta,direct-measurement,final-margin-pass-v3 header-action-rail/header menu artifacts,channel-panel-geometry: channel title left inset | channel-panel-geometry: channel title top inset | dashboard-geometry-overlay: header to input pane,Header rail and menu internals are measured in header action/menu CSVs.
1,Header And Top Rail,Header pipeline breadcrumb spacing.,zero-delta,direct-measurement,final-margin-pass-v3 header-action-rail/header menu artifacts,dashboard-geometry-overlay: header to input pane | header-action-rail-geometry: header tab left inset | header-action-rail-geometry: header tab top join,Header rail and menu internals are measured in header action/menu CSVs.
1,Header And Top Rail,Header breadcrumb chip padding.,zero-delta,direct-measurement,final-margin-pass-v3 header-action-rail/header menu artifacts,dashboard-geometry-overlay: header to input pane | header-action-rail-geometry: header tab left inset | header-action-rail-geometry: header tab top join,Header rail and menu internals are measured in header action/menu CSVs.
1,Header And Top Rail,Header breadcrumb separator spacing.,zero-delta,direct-measurement,final-margin-pass-v3 header-action-rail/header menu artifacts,dashboard-geometry-overlay: header to input pane | header-action-rail-geometry: header tab left inset | header-action-rail-geometry: header tab top join,Header rail and menu internals are measured in header action/menu CSVs.
1,Header And Top Rail,Header gradient area to workspace margin.,zero-delta,direct-measurement,final-margin-pass-v3 header-action-rail/header menu artifacts,dashboard-geometry-overlay: input pane bottom to output pane bottom | dashboard-geometry-overlay: header to input pane | header-action-rail-geometry: header tab left inset,Header rail and menu internals are measured in header action/menu CSVs.
2,Header Dropdown Dynamic Placement,Settings dropdown left-aligned default state.,zero-delta,direct-measurement,v45-header-placement; v46-header-clamp,all-settings-geometry: section content left padding | all-settings-geometry: section content right padding | all-settings-geometry: section parameter row gap,Adaptive popup-window placement states are measured with actual popup captures.
2,Header Dropdown Dynamic Placement,Project dropdown left-aligned default state.,zero-delta,direct-measurement,v45-header-placement; v46-header-clamp,all-settings-geometry: section content left padding | channel-panel-geometry: channel title left inset | closed-combo-geometry: closed combo left cell inset,Adaptive popup-window placement states are measured with actual popup captures.
2,Header Dropdown Dynamic Placement,View dropdown left-aligned default state.,zero-delta,direct-measurement,v45-header-placement; v46-header-clamp,all-settings-geometry: section content left padding | channel-panel-geometry: channel title left inset | closed-combo-geometry: closed combo left cell inset,Adaptive popup-window placement states are measured with actual popup captures.
2,Header Dropdown Dynamic Placement,Settings dropdown right-on-overflow state.,zero-delta,direct-measurement,v45-header-placement; v46-header-clamp,all-settings-geometry: section content left padding | all-settings-geometry: section content right padding | all-settings-geometry: section parameter row gap,Adaptive popup-window placement states are measured with actual popup captures.
2,Header Dropdown Dynamic Placement,Project dropdown right-on-overflow state.,zero-delta,direct-measurement,v45-header-placement; v46-header-clamp,all-settings-geometry: section content right padding | custom-controls-geometry: section content right padding | dashboard-geometry-overlay: right outer margin,Adaptive popup-window placement states are measured with actual popup captures.
2,Header Dropdown Dynamic Placement,View dropdown right-on-overflow state.,zero-delta,direct-measurement,v45-header-placement; v46-header-clamp,all-settings-geometry: section content right padding | custom-controls-geometry: section content right padding | dashboard-geometry-overlay: right outer margin,Adaptive popup-window placement states are measured with actual popup captures.
2,Header Dropdown Dynamic Placement,Dropdown clamp when launcher is too narrow.,zero-delta,direct-measurement,v45-header-placement; v46-header-clamp,advanced-geometry: routine to advanced panel gap | all-settings-geometry: section content left padding | all-settings-geometry: section content right padding,Adaptive popup-window placement states are measured with actual popup captures.
2,Header Dropdown Dynamic Placement,Dropdown minimum readable width.,zero-delta,direct-measurement,v45-header-placement; v46-header-clamp,all-settings-geometry: section content left padding | all-settings-geometry: section content right padding | channel-panel-geometry: channel title left inset,Adaptive popup-window placement states are measured with actual popup captures.
2,Header Dropdown Dynamic Placement,Dropdown internal row width after alignment switch.,zero-delta,direct-measurement,v45-header-placement; v46-header-clamp,all-settings-geometry: section content left padding | all-settings-geometry: section content right padding | all-settings-geometry: section help column alignment,Adaptive popup-window placement states are measured with actual popup captures.
2,Header Dropdown Dynamic Placement,Dropdown vertical growth/scrolling if constrained.,zero-delta,direct-measurement,v45-header-placement; v46-header-clamp,channel-panel-geometry: channel panel child vertical gap | help-dialog-geometry-overlay: help detail card vertical gap | output-pane-geometry: log status card title top inset,Adaptive popup-window placement states are measured with actual popup captures.
2,Header Dropdown Dynamic Placement,Dropdown border-to-row inset.,zero-delta,direct-measurement,v45-header-placement; v46-header-clamp,all-settings-geometry: section content left padding | all-settings-geometry: section content right padding | channel-panel-geometry: channel title left inset,Adaptive popup-window placement states are measured with actual popup captures.
2,Header Dropdown Dynamic Placement,Dropdown row-to-row spacing.,zero-delta,direct-measurement,v45-header-placement; v46-header-clamp,header-menu-left-default-geometry: header context menu width | header-menu-left-default-geometry: header simple menu item left inset | header-menu-left-default-geometry: header simple menu item right inset,Adaptive popup-window placement states are measured with actual popup captures.
2,Header Dropdown Dynamic Placement,Dropdown disabled item padding.,zero-delta,direct-measurement,v45-header-placement; v46-header-clamp,project-menu-geometry: header simple menu item left inset | project-menu-geometry: header simple menu item right inset | settings-menu-geometry: header simple menu item left inset,Adaptive popup-window placement states are measured with actual popup captures.
2,Header Dropdown Dynamic Placement,Dropdown selected/active item padding.,zero-delta,direct-measurement,v45-header-placement; v46-header-clamp,project-menu-geometry: header simple menu item left inset | project-menu-geometry: header simple menu item right inset | selected-images-dialog-geometry: dialog title to list gap,Adaptive popup-window placement states are measured with actual popup captures.
3,View Menu Dynamic Controls,Run Log Pane `Show` segment padding.,zero-delta,direct-measurement,final-margin-pass-v3/view-menu-geometry.csv,segmentation-geometry-overlay: left outer margin | segmentation-geometry-overlay: input pane to output pane | segmentation-geometry-overlay: scrollbar gutter width,View menu panel and segmented control rows are measured.
3,View Menu Dynamic Controls,Run Log Pane `Hide` segment padding.,zero-delta,direct-measurement,final-margin-pass-v3/view-menu-geometry.csv,segmentation-geometry-overlay: left outer margin | segmentation-geometry-overlay: input pane to output pane | segmentation-geometry-overlay: scrollbar gutter width,View menu panel and segmented control rows are measured.
3,View Menu Dynamic Controls,Static/Dynamic gradient segment padding.,zero-delta,direct-measurement,final-margin-pass-v3/view-menu-geometry.csv,advanced-geometry: routine to advanced panel gap | all-settings-geometry: section content left padding | all-settings-geometry: section content right padding,View menu panel and segmented control rows are measured.
3,View Menu Dynamic Controls,Speed segment padding.,zero-delta,direct-measurement,final-margin-pass-v3/view-menu-geometry.csv,segmentation-geometry-overlay: left outer margin | segmentation-geometry-overlay: input pane to output pane | segmentation-geometry-overlay: scrollbar gutter width,View menu panel and segmented control rows are measured.
3,View Menu Dynamic Controls,Segment label rail.,zero-delta,direct-measurement,final-margin-pass-v3/view-menu-geometry.csv,models-geometry-overlay: dependent title to dependent row label | project-menu-geometry: header simple menu label left inset | segmentation-geometry-overlay: left outer margin,View menu panel and segmented control rows are measured.
3,View Menu Dynamic Controls,Segment label-to-control gap.,zero-delta,direct-measurement,final-margin-pass-v3/view-menu-geometry.csv,models-geometry-overlay: dependent title to dependent row label | project-menu-geometry: header simple menu label left inset | segmentation-geometry-overlay: left outer margin,View menu panel and segmented control rows are measured.
3,View Menu Dynamic Controls,Segment button-to-button gap.,zero-delta,direct-measurement,final-margin-pass-v3/view-menu-geometry.csv,segmentation-geometry-overlay: left outer margin | segmentation-geometry-overlay: input pane to output pane | segmentation-geometry-overlay: scrollbar gutter width,View menu panel and segmented control rows are measured.
3,View Menu Dynamic Controls,Segment row-to-row gap.,zero-delta,direct-measurement,final-margin-pass-v3/view-menu-geometry.csv,segmentation-geometry-overlay: left outer margin | segmentation-geometry-overlay: input pane to output pane | segmentation-geometry-overlay: scrollbar gutter width,View menu panel and segmented control rows are measured.
3,View Menu Dynamic Controls,View panel inner padding.,zero-delta,direct-measurement,final-margin-pass-v3/view-menu-geometry.csv,output-pane-geometry: output pane left inset to status card | output-pane-geometry: output pane right inset to status card | output-pane-geometry: copy button right rail,View menu panel and segmented control rows are measured.
3,View Menu Dynamic Controls,View panel outer menu shell padding.,zero-delta,direct-measurement,final-margin-pass-v3/view-menu-geometry.csv,dashboard-geometry-overlay: left outer margin | dashboard-geometry-overlay: input pane to output pane | dashboard-geometry-overlay: right outer margin,View menu panel and segmented control rows are measured.
4,Dashboard And Focused Navigation,Dashboard/All Settings toggle spacing.,zero-delta,direct-measurement,final-margin-pass-v3 dashboard and focused overlays,all-settings-geometry: section content left padding | all-settings-geometry: section content right padding | all-settings-geometry: section parameter row gap,Dashboard and focused panels are measured across dashboard and representative focused cards.
4,Dashboard And Focused Navigation,Dashboard/All Settings selected-state geometry.,zero-delta,direct-measurement,final-margin-pass-v3 dashboard and focused overlays,all-settings-geometry: section content left padding | all-settings-geometry: section content right padding | all-settings-geometry: section parameter row gap,Dashboard and focused panels are measured across dashboard and representative focused cards.
4,Dashboard And Focused Navigation,Back to Dashboard button rail.,zero-delta,direct-measurement,final-margin-pass-v3 dashboard and focused overlays,dashboard-geometry-overlay: left outer margin | dashboard-geometry-overlay: input pane to output pane | dashboard-geometry-overlay: scrollbar gutter width,Dashboard and focused panels are measured across dashboard and representative focused cards.
4,Dashboard And Focused Navigation,Focused view badge/title/subtitle rail.,zero-delta,direct-measurement,final-margin-pass-v3 dashboard and focused overlays,advanced-geometry: routine to advanced panel gap | all-settings-geometry: section content left padding | all-settings-geometry: section content right padding,Dashboard and focused panels are measured across dashboard and representative focused cards.
4,Dashboard And Focused Navigation,Focused view title block to nav controls spacing.,zero-delta,direct-measurement,final-margin-pass-v3 dashboard and focused overlays,advanced-geometry: routine to advanced panel gap | all-settings-geometry: section content left padding | all-settings-geometry: section content right padding,Dashboard and focused panels are measured across dashboard and representative focused cards.
4,Dashboard And Focused Navigation,Focused view header band padding.,zero-delta,direct-measurement,final-margin-pass-v3 dashboard and focused overlays,advanced-geometry: routine to advanced panel gap | all-settings-geometry: section content left padding | all-settings-geometry: section content right padding,Dashboard and focused panels are measured across dashboard and representative focused cards.
4,Dashboard And Focused Navigation,Focused view header-to-parameter-grid gap.,zero-delta,direct-measurement,final-margin-pass-v3 dashboard and focused overlays,advanced-geometry: routine to advanced panel gap | all-settings-geometry: section content left padding | all-settings-geometry: section content right padding,Dashboard and focused panels are measured across dashboard and representative focused cards.
4,Dashboard And Focused Navigation,Dashboard card grid column gap.,zero-delta,direct-measurement,final-margin-pass-v3 dashboard and focused overlays,all-settings-geometry: section help column alignment | dashboard-geometry-overlay: left outer margin | dashboard-geometry-overlay: input pane to output pane,Dashboard and focused panels are measured across dashboard and representative focused cards.
4,Dashboard And Focused Navigation,Dashboard card grid row gap.,zero-delta,direct-measurement,final-margin-pass-v3 dashboard and focused overlays,dashboard-geometry-overlay: left outer margin | dashboard-geometry-overlay: input pane to output pane | dashboard-geometry-overlay: scrollbar gutter width,Dashboard and focused panels are measured across dashboard and representative focused cards.
4,Dashboard And Focused Navigation,Dashboard card internal padding.,zero-delta,direct-measurement,final-margin-pass-v3 dashboard and focused overlays,dashboard-geometry-overlay: left outer margin | dashboard-geometry-overlay: input pane to output pane | dashboard-geometry-overlay: scrollbar gutter width,Dashboard and focused panels are measured across dashboard and representative focused cards.
4,Dashboard And Focused Navigation,Dashboard card badge/title/subtitle spacing.,zero-delta,direct-measurement,final-margin-pass-v3 dashboard and focused overlays,channel-panel-geometry: channel title left inset | channel-panel-geometry: channel title top inset | dashboard-geometry-overlay: left outer margin,Dashboard and focused panels are measured across dashboard and representative focused cards.
4,Dashboard And Focused Navigation,Dashboard card vertical centering.,zero-delta,direct-measurement,final-margin-pass-v3 dashboard and focused overlays,channel-panel-geometry: channel panel child vertical gap | dashboard-geometry-overlay: left outer margin | dashboard-geometry-overlay: input pane to output pane,Dashboard and focused panels are measured across dashboard and representative focused cards.
4,Dashboard And Focused Navigation,Dashboard three-column default width.,zero-delta,direct-measurement,final-margin-pass-v3 dashboard and focused overlays,all-settings-geometry: section content left padding | all-settings-geometry: section content right padding | all-settings-geometry: section help column alignment,Dashboard and focused panels are measured across dashboard and representative focused cards.
4,Dashboard And Focused Navigation,Dashboard two-column responsive breakpoint.,zero-delta,direct-measurement,final-margin-pass-v3 dashboard and focused overlays,all-settings-geometry: section help column alignment | dashboard-geometry-overlay: left outer margin | dashboard-geometry-overlay: input pane to output pane,Dashboard and focused panels are measured across dashboard and representative focused cards.
4,Dashboard And Focused Navigation,No horizontal scrollbar at default width.,zero-delta,direct-measurement,final-margin-pass-v3 dashboard and focused overlays,all-settings-geometry: section content left padding | all-settings-geometry: section content right padding | channel-panel-geometry: channel title left inset,Dashboard and focused panels are measured across dashboard and representative focused cards.
5,Main Workspace Geometry,Header-to-workspace gap.,zero-delta,direct-measurement,final-margin-pass-v3 geometry overlays,dashboard-geometry-overlay: input pane bottom to output pane bottom | dashboard-geometry-overlay: header to input pane | header-action-rail-geometry: header tab left inset,"Workspace, pane, scrollbar, and action bar geometry are measured across representative modes."
5,Main Workspace Geometry,Left outer workspace margin.,zero-delta,direct-measurement,final-margin-pass-v3 geometry overlays,all-settings-geometry: section content left padding | channel-panel-geometry: channel title left inset | closed-combo-geometry: closed combo left cell inset,"Workspace, pane, scrollbar, and action bar geometry are measured across representative modes."
5,Main Workspace Geometry,Right outer workspace margin.,zero-delta,direct-measurement,final-margin-pass-v3 geometry overlays,all-settings-geometry: section content right padding | custom-controls-geometry: section content right padding | dashboard-geometry-overlay: left outer margin,"Workspace, pane, scrollbar, and action bar geometry are measured across representative modes."
5,Main Workspace Geometry,Input pane to scrollbar visible bar.,zero-delta,direct-measurement,final-margin-pass-v3 geometry overlays,advanced-geometry: routine to advanced panel gap | dashboard-geometry-overlay: input pane to output pane | dashboard-geometry-overlay: scrollbar gutter width,"Workspace, pane, scrollbar, and action bar geometry are measured across representative modes."
5,Main Workspace Geometry,Visible bar to output pane.,zero-delta,direct-measurement,final-margin-pass-v3 geometry overlays,dashboard-geometry-overlay: input pane to output pane | dashboard-geometry-overlay: visible bar width | dashboard-geometry-overlay: input content to visible bar,"Workspace, pane, scrollbar, and action bar geometry are measured across representative modes."
5,Main Workspace Geometry,Scrollbar gutter width.,zero-delta,direct-measurement,final-margin-pass-v3 geometry overlays,all-settings-geometry: section content left padding | all-settings-geometry: section content right padding | channel-panel-geometry: channel title left inset,"Workspace, pane, scrollbar, and action bar geometry are measured across representative modes."
5,Main Workspace Geometry,Scrollbar thumb width.,zero-delta,direct-measurement,final-margin-pass-v3 geometry overlays,all-settings-geometry: section content left padding | all-settings-geometry: section content right padding | channel-panel-geometry: channel title left inset,"Workspace, pane, scrollbar, and action bar geometry are measured across representative modes."
5,Main Workspace Geometry,Scrollbar side padding.,zero-delta,direct-measurement,final-margin-pass-v3 geometry overlays,dashboard-geometry-overlay: input pane to output pane | dashboard-geometry-overlay: scrollbar gutter width | dashboard-geometry-overlay: visible bar width,"Workspace, pane, scrollbar, and action bar geometry are measured across representative modes."
5,Main Workspace Geometry,Input pane bottom to output pane bottom.,zero-delta,direct-measurement,final-margin-pass-v3 geometry overlays,advanced-geometry: routine to advanced panel gap | dashboard-geometry-overlay: input pane to output pane | dashboard-geometry-overlay: input content to visible bar,"Workspace, pane, scrollbar, and action bar geometry are measured across representative modes."
5,Main Workspace Geometry,Pane bottom to action buttons.,zero-delta,direct-measurement,final-margin-pass-v3 geometry overlays,dashboard-geometry-overlay: input pane bottom to output pane bottom | dashboard-geometry-overlay: output pane to run button | dashboard-geometry-overlay: run button to bottom,"Workspace, pane, scrollbar, and action bar geometry are measured across representative modes."
5,Main Workspace Geometry,Action buttons to window bottom.,zero-delta,direct-measurement,final-margin-pass-v3 geometry overlays,dashboard-geometry-overlay: input pane bottom to output pane bottom | dashboard-geometry-overlay: output pane to run button | dashboard-geometry-overlay: run button to bottom,"Workspace, pane, scrollbar, and action bar geometry are measured across representative modes."
5,Main Workspace Geometry,Run button to right edge.,zero-delta,direct-measurement,final-margin-pass-v3 geometry overlays,all-settings-geometry: section content right padding | custom-controls-geometry: section content right padding | dashboard-geometry-overlay: right outer margin,"Workspace, pane, scrollbar, and action bar geometry are measured across representative modes."
5,Main Workspace Geometry,Cancel-to-Run button gap.,zero-delta,direct-measurement,final-margin-pass-v3 geometry overlays,button-states-geometry: cancel button hover min x delta | button-states-geometry: cancel button hover min y delta | button-states-geometry: cancel button hover width delta,"Workspace, pane, scrollbar, and action bar geometry are measured across representative modes."
5,Main Workspace Geometry,Input panel vertical stack gap.,zero-delta,direct-measurement,final-margin-pass-v3 geometry overlays,advanced-geometry: routine to advanced panel gap | channel-panel-geometry: channel panel child vertical gap | dashboard-geometry-overlay: input pane to output pane,"Workspace, pane, scrollbar, and action bar geometry are measured across representative modes."
5,Main Workspace Geometry,Channel/settings/advanced panel gaps.,zero-delta,direct-measurement,final-margin-pass-v3 geometry overlays,advanced-geometry: routine to advanced panel gap | all-settings-geometry: section content left padding | all-settings-geometry: section content right padding,"Workspace, pane, scrollbar, and action bar geometry are measured across representative modes."
6,Parameter Rows,Independent row left padding.,zero-delta,direct-measurement,v55-row-state; final-margin-pass-v3 focused overlays,all-settings-geometry: section content left padding | all-settings-geometry: section help column alignment | channel-panel-geometry: channel title left inset,Canonical parameter-row geometry and row states are measured.
6,Parameter Rows,Independent gradient bar left rail.,zero-delta,direct-measurement,v55-row-state; final-margin-pass-v3 focused overlays,all-settings-geometry: section content left padding | all-settings-geometry: section help column alignment | channel-panel-geometry: channel title left inset,Canonical parameter-row geometry and row states are measured.
6,Parameter Rows,Independent gradient bar width.,zero-delta,direct-measurement,v55-row-state; final-margin-pass-v3 focused overlays,all-settings-geometry: section content left padding | all-settings-geometry: section content right padding | all-settings-geometry: section help column alignment,Canonical parameter-row geometry and row states are measured.
6,Parameter Rows,Independent bar-to-text gap.,zero-delta,direct-measurement,v55-row-state; final-margin-pass-v3 focused overlays,all-settings-geometry: section help column alignment | combo-popup-geometry: combo popup row text inset | images-scope-geometry-overlay: dependent title text inset,Canonical parameter-row geometry and row states are measured.
6,Parameter Rows,Independent label-to-help gap.,zero-delta,direct-measurement,v55-row-state; final-margin-pass-v3 focused overlays,all-settings-geometry: section help column alignment | help-dialog-geometry-overlay: help summary to next section title | help-dialog-geometry-overlay: help section title to body,Canonical parameter-row geometry and row states are measured.
6,Parameter Rows,Help button column rail.,zero-delta,direct-measurement,v55-row-state; final-margin-pass-v3 focused overlays,all-settings-geometry: section help column alignment | dashboard-geometry-overlay: dashboard card column gap | help-dialog-geometry-overlay: help summary to next section title,Canonical parameter-row geometry and row states are measured.
6,Parameter Rows,Help button size.,zero-delta,direct-measurement,v55-row-state; final-margin-pass-v3 focused overlays,all-settings-geometry: section help column alignment | help-dialog-geometry-overlay: help summary to next section title | help-dialog-geometry-overlay: help section title to body,Canonical parameter-row geometry and row states are measured.
6,Parameter Rows,Help-to-editor gap.,zero-delta,direct-measurement,v55-row-state; final-margin-pass-v3 focused overlays,all-settings-geometry: section help column alignment | help-dialog-geometry-overlay: help summary to next section title | help-dialog-geometry-overlay: help section title to body,Canonical parameter-row geometry and row states are measured.
6,Parameter Rows,Editor right rail.,zero-delta,direct-measurement,v55-row-state; final-margin-pass-v3 focused overlays,all-settings-geometry: section content right padding | custom-controls-geometry: section content right padding | dashboard-geometry-overlay: right outer margin,Canonical parameter-row geometry and row states are measured.
6,Parameter Rows,Single-line row vertical centering.,zero-delta,direct-measurement,v55-row-state; final-margin-pass-v3 focused overlays,channel-panel-geometry: channel panel child vertical gap | help-dialog-geometry-overlay: help detail card vertical gap | output-pane-geometry: log status card title top inset,Canonical parameter-row geometry and row states are measured.
6,Parameter Rows,Multi-line row first-line anchoring.,zero-delta,direct-measurement,v55-row-state; final-margin-pass-v3 focused overlays,styled-log-geometry: log source block left inset to line accent | styled-log-geometry: log line accent width | styled-log-geometry: log line accent to text,Canonical parameter-row geometry and row states are measured.
6,Parameter Rows,Explanatory text below editor spacing.,zero-delta,direct-measurement,v55-row-state; final-margin-pass-v3 focused overlays,combo-popup-geometry: combo popup row text inset | images-scope-geometry-overlay: editor to parameter grid right | images-scope-geometry-overlay: dependent title text inset,Canonical parameter-row geometry and row states are measured.
6,Parameter Rows,Disabled row opacity without geometry drift.,zero-delta,direct-measurement,v55-row-state; final-margin-pass-v3 focused overlays,row-state-geometry: disabled label x drift | row-state-geometry: disabled label width drift | row-state-geometry: disabled editor x drift,Canonical parameter-row geometry and row states are measured.
6,Parameter Rows,Tall editor row top alignment.,zero-delta,direct-measurement,v55-row-state; final-margin-pass-v3 focused overlays,all-settings-geometry: section help column alignment | images-scope-geometry-overlay: editor to parameter grid right | models-geometry-overlay: editor to parameter grid right,Canonical parameter-row geometry and row states are measured.
7,Dependent Panels,Dependent panel outer left margin.,zero-delta,direct-measurement,v52-dependency-matrix; final-margin-pass-v3 focused overlays,all-settings-geometry: section content left padding | all-settings-geometry: section help column alignment | channel-panel-geometry: channel title left inset,"Dependent panel shell, enabled/disabled states, and row rails are measured."
7,Dependent Panels,Dependent panel outer right margin.,zero-delta,direct-measurement,v52-dependency-matrix; final-margin-pass-v3 focused overlays,all-settings-geometry: section content right padding | all-settings-geometry: section help column alignment | custom-controls-geometry: section content right padding,"Dependent panel shell, enabled/disabled states, and row rails are measured."
7,Dependent Panels,Dependent panel title rail.,zero-delta,direct-measurement,v52-dependency-matrix; final-margin-pass-v3 focused overlays,all-settings-geometry: section help column alignment | channel-panel-geometry: channel title left inset | channel-panel-geometry: channel title top inset,"Dependent panel shell, enabled/disabled states, and row rails are measured."
7,Dependent Panels,Dependent panel reason rail.,zero-delta,direct-measurement,v52-dependency-matrix; final-margin-pass-v3 focused overlays,all-settings-geometry: section help column alignment | images-scope-geometry-overlay: dependent panel outer left margin | images-scope-geometry-overlay: dependent panel fills grid right edge,"Dependent panel shell, enabled/disabled states, and row rails are measured."
7,Dependent Panels,Dependent title-to-reason gap.,zero-delta,direct-measurement,v52-dependency-matrix; final-margin-pass-v3 focused overlays,all-settings-geometry: section help column alignment | channel-panel-geometry: channel title left inset | channel-panel-geometry: channel title top inset,"Dependent panel shell, enabled/disabled states, and row rails are measured."
7,Dependent Panels,Dependent reason-to-rows gap.,zero-delta,direct-measurement,v52-dependency-matrix; final-margin-pass-v3 focused overlays,all-settings-geometry: section help column alignment | images-scope-geometry-overlay: dependent panel outer left margin | images-scope-geometry-overlay: dependent panel fills grid right edge,"Dependent panel shell, enabled/disabled states, and row rails are measured."
7,Dependent Panels,Dependent inner row grid padding.,zero-delta,direct-measurement,v52-dependency-matrix; final-margin-pass-v3 focused overlays,all-settings-geometry: section help column alignment | dashboard-geometry-overlay: dashboard grid left frame inset | dashboard-geometry-overlay: dashboard grid right frame inset,"Dependent panel shell, enabled/disabled states, and row rails are measured."
7,Dependent Panels,Dependent row gradient bar rail.,zero-delta,direct-measurement,v52-dependency-matrix; final-margin-pass-v3 focused overlays,all-settings-geometry: section help column alignment | images-scope-geometry-overlay: dependent panel outer left margin | images-scope-geometry-overlay: dependent panel fills grid right edge,"Dependent panel shell, enabled/disabled states, and row rails are measured."
7,Dependent Panels,Dependent bar-to-text gap.,zero-delta,direct-measurement,v52-dependency-matrix; final-margin-pass-v3 focused overlays,all-settings-geometry: section help column alignment | combo-popup-geometry: combo popup row text inset | images-scope-geometry-overlay: dependent panel outer left margin,"Dependent panel shell, enabled/disabled states, and row rails are measured."
7,Dependent Panels,Dependent help rail.,zero-delta,direct-measurement,v52-dependency-matrix; final-margin-pass-v3 focused overlays,all-settings-geometry: section help column alignment | help-dialog-geometry-overlay: help summary to next section title | help-dialog-geometry-overlay: help section title to body,"Dependent panel shell, enabled/disabled states, and row rails are measured."
7,Dependent Panels,Dependent editor rail.,zero-delta,direct-measurement,v52-dependency-matrix; final-margin-pass-v3 focused overlays,all-settings-geometry: section help column alignment | images-scope-geometry-overlay: editor to parameter grid right | images-scope-geometry-overlay: dependent panel outer left margin,"Dependent panel shell, enabled/disabled states, and row rails are measured."
7,Dependent Panels,Disabled dependent row readability and geometry.,zero-delta,direct-measurement,v52-dependency-matrix; final-margin-pass-v3 focused overlays,all-settings-geometry: section help column alignment | images-scope-geometry-overlay: dependent panel outer left margin | images-scope-geometry-overlay: dependent panel fills grid right edge,"Dependent panel shell, enabled/disabled states, and row rails are measured."
7,Dependent Panels,Enabled dependent row geometry.,zero-delta,direct-measurement,v52-dependency-matrix; final-margin-pass-v3 focused overlays,all-settings-geometry: section help column alignment | images-scope-geometry-overlay: dependent panel outer left margin | images-scope-geometry-overlay: dependent panel fills grid right edge,"Dependent panel shell, enabled/disabled states, and row rails are measured."
7,Dependent Panels,Controller row to dependent panel gap.,zero-delta,direct-measurement,v52-dependency-matrix; final-margin-pass-v3 focused overlays,all-settings-geometry: section help column alignment | images-scope-geometry-overlay: dependent panel outer left margin | images-scope-geometry-overlay: dependent panel fills grid right edge,"Dependent panel shell, enabled/disabled states, and row rails are measured."
8,Dependency State Matrix,Selected image controls.,zero-delta,direct-measurement,v52-dependency-matrix,images-scope-geometry-overlay: left outer margin | images-scope-geometry-overlay: input pane to output pane | images-scope-geometry-overlay: scrollbar gutter width,Every registry-declared dependency token is rendered enabled and disabled.
8,Dependency State Matrix,Threshold selected image controls.,zero-delta,direct-measurement,v52-dependency-matrix,images-scope-geometry-overlay: left outer margin | images-scope-geometry-overlay: input pane to output pane | images-scope-geometry-overlay: scrollbar gutter width,Every registry-declared dependency token is rendered enabled and disabled.
8,Dependency State Matrix,Nucleus model-source controls.,zero-delta,direct-measurement,v52-dependency-matrix,models-geometry-overlay: left outer margin | models-geometry-overlay: input pane to output pane | models-geometry-overlay: scrollbar gutter width,Every registry-declared dependency token is rendered enabled and disabled.
8,Dependency State Matrix,Cell model-source controls.,zero-delta,direct-measurement,v52-dependency-matrix,closed-combo-geometry: closed combo left cell inset | combo-popup-geometry: combo popup row text inset | models-geometry-overlay: left outer margin,Every registry-declared dependency token is rendered enabled and disabled.
8,Dependency State Matrix,Nucleus parameter-source controls.,zero-delta,direct-measurement,v52-dependency-matrix,all-settings-geometry: section parameter row gap | custom-controls-geometry: section parameter row gap | images-scope-geometry-overlay: focused header to parameter grid,Every registry-declared dependency token is rendered enabled and disabled.
8,Dependency State Matrix,Cell parameter-source controls.,zero-delta,direct-measurement,v52-dependency-matrix,all-settings-geometry: section parameter row gap | closed-combo-geometry: closed combo left cell inset | combo-popup-geometry: combo popup row text inset,Every registry-declared dependency token is rendered enabled and disabled.
8,Dependency State Matrix,Threshold mode controls.,zero-delta,direct-measurement,v52-dependency-matrix,models-geometry-overlay: left outer margin | models-geometry-overlay: input pane to output pane | models-geometry-overlay: scrollbar gutter width,Every registry-declared dependency token is rendered enabled and disabled.
8,Dependency State Matrix,Background mode controls.,zero-delta,direct-measurement,v52-dependency-matrix,models-geometry-overlay: left outer margin | models-geometry-overlay: input pane to output pane | models-geometry-overlay: scrollbar gutter width,Every registry-declared dependency token is rendered enabled and disabled.
8,Dependency State Matrix,Custom segmentation controls.,zero-delta,direct-measurement,v52-dependency-matrix,custom-controls-geometry: section content left padding | custom-controls-geometry: section content right padding | custom-controls-geometry: section parameter row gap,Every registry-declared dependency token is rendered enabled and disabled.
8,Dependency State Matrix,Pixel scaling controls.,zero-delta,direct-measurement,v52-dependency-matrix,row-state-geometry: single-line anchor vertical inset | row-state-geometry: single-line help vertical inset | row-state-geometry: tall-row anchor top inset,Every registry-declared dependency token is rendered enabled and disabled.
8,Dependency State Matrix,Failure recovery controls.,zero-delta,direct-measurement,v52-dependency-matrix,styled-log-geometry: log failure title left inset | styled-log-geometry: log failure advice label width | styled-log-geometry: log failure advice label to value gap,Every registry-declared dependency token is rendered enabled and disabled.
8,Dependency State Matrix,VSMC nucleus-gating controls.,zero-delta,direct-measurement,v52-dependency-matrix,dependency-matrix-geometry: dependency-nucleus-model-source-enabled case left inset | dependency-matrix-geometry: dependency-nucleus-model-source-enabled case right inset | dependency-matrix-geometry: dependency-nucleus-model-source-enabled title to panel gap,Every registry-declared dependency token is rendered enabled and disabled.
8,Dependency State Matrix,Colocalization threshold/dependency controls.,zero-delta,direct-measurement,v52-dependency-matrix,colocalization-custom-geometry: colocalization semantic card gap | colocalization-custom-geometry: semantic card title left inset | colocalization-custom-geometry: semantic card title to subtitle gap,Every registry-declared dependency token is rendered enabled and disabled.
8,Dependency State Matrix,Any remaining registry-declared dependency panel.,zero-delta,direct-measurement,v52-dependency-matrix,dependency-matrix-geometry: dependency-selected-images-enabled case left inset | dependency-matrix-geometry: dependency-selected-images-enabled case right inset | dependency-matrix-geometry: dependency-selected-images-enabled title to panel gap,Every registry-declared dependency token is rendered enabled and disabled.
9,Combo Boxes And Popups,Closed combo text inset.,zero-delta,direct-measurement,final-margin-pass-v3 combo popup; v40-asset-combo,channel-panel-geometry: channel title left inset | channel-panel-geometry: channel title top inset | closed-combo-geometry: closed combo left cell inset,"Closed, popup, empty, and populated combo/asset states are measured."
9,Combo Boxes And Popups,Closed combo arrow rail.,zero-delta,direct-measurement,final-margin-pass-v3 combo popup; v40-asset-combo,closed-combo-geometry: closed combo left cell inset | combo-popup-geometry: combo popup list left to row | combo-popup-geometry: combo popup row text inset,"Closed, popup, empty, and populated combo/asset states are measured."
9,Combo Boxes And Popups,Closed combo right padding.,zero-delta,direct-measurement,final-margin-pass-v3 combo popup; v40-asset-combo,all-settings-geometry: section content right padding | closed-combo-geometry: closed combo left cell inset | combo-popup-geometry: combo popup list left to row,"Closed, popup, empty, and populated combo/asset states are measured."
9,Combo Boxes And Popups,Closed combo disabled text inset.,zero-delta,direct-measurement,final-margin-pass-v3 combo popup; v40-asset-combo,channel-panel-geometry: channel title left inset | channel-panel-geometry: channel title top inset | closed-combo-geometry: closed combo left cell inset,"Closed, popup, empty, and populated combo/asset states are measured."
9,Combo Boxes And Popups,Popup shell width.,zero-delta,direct-measurement,final-margin-pass-v3 combo popup; v40-asset-combo,all-settings-geometry: section content left padding | all-settings-geometry: section content right padding | channel-panel-geometry: channel title left inset,"Closed, popup, empty, and populated combo/asset states are measured."
9,Combo Boxes And Popups,Popup border-to-row inset.,zero-delta,direct-measurement,final-margin-pass-v3 combo popup; v40-asset-combo,all-settings-geometry: section content left padding | all-settings-geometry: section content right padding | channel-panel-geometry: channel title left inset,"Closed, popup, empty, and populated combo/asset states are measured."
9,Combo Boxes And Popups,Popup row text inset.,zero-delta,direct-measurement,final-margin-pass-v3 combo popup; v40-asset-combo,channel-panel-geometry: channel title left inset | channel-panel-geometry: channel title top inset | closed-combo-geometry: closed combo left cell inset,"Closed, popup, empty, and populated combo/asset states are measured."
9,Combo Boxes And Popups,Popup selected row padding.,zero-delta,direct-measurement,final-margin-pass-v3 combo popup; v40-asset-combo,combo-popup-geometry: combo popup list left to row | combo-popup-geometry: combo popup row text inset | combo-popup-geometry: combo popup row gap,"Closed, popup, empty, and populated combo/asset states are measured."
9,Combo Boxes And Popups,Popup hover row padding.,zero-delta,direct-measurement,final-margin-pass-v3 combo popup; v40-asset-combo,combo-popup-geometry: combo popup list left to row | combo-popup-geometry: combo popup row text inset | combo-popup-geometry: combo popup row gap,"Closed, popup, empty, and populated combo/asset states are measured."
9,Combo Boxes And Popups,Popup disabled row padding.,zero-delta,direct-measurement,final-margin-pass-v3 combo popup; v40-asset-combo,combo-popup-geometry: combo popup list left to row | combo-popup-geometry: combo popup row text inset | combo-popup-geometry: combo popup row gap,"Closed, popup, empty, and populated combo/asset states are measured."
9,Combo Boxes And Popups,Popup row height.,zero-delta,direct-measurement,final-margin-pass-v3 combo popup; v40-asset-combo,combo-popup-geometry: combo popup list left to row | combo-popup-geometry: combo popup row text inset | combo-popup-geometry: combo popup row gap,"Closed, popup, empty, and populated combo/asset states are measured."
9,Combo Boxes And Popups,Popup scrollbar gutter if long.,zero-delta,direct-measurement,final-margin-pass-v3 combo popup; v40-asset-combo,combo-popup-geometry: combo popup list left to row | combo-popup-geometry: combo popup row text inset | combo-popup-geometry: combo popup row gap,"Closed, popup, empty, and populated combo/asset states are measured."
9,Combo Boxes And Popups,Asset-backed dropdown empty state.,zero-delta,direct-measurement,final-margin-pass-v3 combo popup; v40-asset-combo,colocalization-custom-geometry: marker-key empty message left inset | colocalization-custom-geometry: marker-key empty message top inset | colocalization-custom-lower-geometry: marker-key empty message left inset,"Closed, popup, empty, and populated combo/asset states are measured."
9,Combo Boxes And Popups,Asset-backed dropdown populated state.,zero-delta,direct-measurement,final-margin-pass-v3 combo popup; v40-asset-combo,asset-backed-combo-geometry: empty asset-backed combo left cell inset | asset-backed-combo-geometry: populated asset-backed combo left cell inset | asset-backed-combo-geometry: asset combo vertical row gap,"Closed, popup, empty, and populated combo/asset states are measured."
10,Open-Image Channel Panel,Channel panel title inset.,zero-delta,direct-measurement,final-margin-pass-v3 channel-panel; v42-channel-populated,channel-panel-geometry: channel title left inset | channel-panel-geometry: channel title top inset | channel-panel-geometry: channel panel child vertical gap,Empty and populated channel panel states are measured.
10,Open-Image Channel Panel,Channel panel title-to-chip gap.,zero-delta,direct-measurement,final-margin-pass-v3 channel-panel; v42-channel-populated,channel-panel-geometry: channel title left inset | channel-panel-geometry: channel title top inset | channel-panel-geometry: channel panel child vertical gap,Empty and populated channel panel states are measured.
10,Open-Image Channel Panel,Channel chip row gap.,zero-delta,direct-measurement,final-margin-pass-v3 channel-panel; v42-channel-populated,channel-panel-geometry: channel title left inset | channel-panel-geometry: channel title top inset | channel-panel-geometry: channel panel child vertical gap,Empty and populated channel panel states are measured.
10,Open-Image Channel Panel,Channel chip internal padding.,zero-delta,direct-measurement,final-margin-pass-v3 channel-panel; v42-channel-populated,channel-panel-geometry: channel title left inset | channel-panel-geometry: channel title top inset | channel-panel-geometry: channel panel child vertical gap,Empty and populated channel panel states are measured.
10,Open-Image Channel Panel,Channel swatch left rail.,zero-delta,direct-measurement,final-margin-pass-v3 channel-panel; v42-channel-populated,all-settings-geometry: section content left padding | channel-panel-geometry: channel title left inset | channel-panel-geometry: channel title top inset,Empty and populated channel panel states are measured.
10,Open-Image Channel Panel,Channel swatch width.,zero-delta,direct-measurement,final-margin-pass-v3 channel-panel; v42-channel-populated,all-settings-geometry: section content left padding | all-settings-geometry: section content right padding | channel-panel-geometry: channel title left inset,Empty and populated channel panel states are measured.
10,Open-Image Channel Panel,Swatch-to-label gap.,zero-delta,direct-measurement,final-margin-pass-v3 channel-panel; v42-channel-populated,models-geometry-overlay: dependent title to dependent row label | project-menu-geometry: header simple menu label left inset | selected-images-dialog-geometry: dialog title to list gap,Empty and populated channel panel states are measured.
10,Open-Image Channel Panel,Chip-to-chip gap.,zero-delta,direct-measurement,final-margin-pass-v3 channel-panel; v42-channel-populated,channel-panel-populated-geometry: channel chip horizontal gap | channel-panel-populated-geometry: channel chip left inset to swatch | channel-panel-populated-geometry: channel chip swatch size,Empty and populated channel panel states are measured.
10,Open-Image Channel Panel,No-image empty-state spacing.,zero-delta,direct-measurement,final-margin-pass-v3 channel-panel; v42-channel-populated,images-scope-geometry-overlay: left outer margin | images-scope-geometry-overlay: input pane to output pane | images-scope-geometry-overlay: scrollbar gutter width,Empty and populated channel panel states are measured.
10,Open-Image Channel Panel,Open-image populated-state spacing.,zero-delta,direct-measurement,final-margin-pass-v3 channel-panel; v42-channel-populated,images-scope-geometry-overlay: left outer margin | images-scope-geometry-overlay: input pane to output pane | images-scope-geometry-overlay: scrollbar gutter width,Empty and populated channel panel states are measured.
11,Custom Editors,Stage selector button padding.,zero-delta,direct-measurement,v39-colocalization-custom; v41-marker-key-map; v57-list-code-editor; v58-channel-multi-select,colocalization-custom-geometry: check top row to selector row gap | colocalization-custom-geometry: check selector-row child gap | colocalization-custom-lower-geometry: check top row to selector row gap,Bespoke editor states are measured with synthetic and production editor surfaces.
11,Custom Editors,Stage selector summary spacing.,zero-delta,direct-measurement,v39-colocalization-custom; v41-marker-key-map; v57-list-code-editor; v58-channel-multi-select,help-dialog-geometry-overlay: help summary to next section title | colocalization-custom-geometry: check top row to selector row gap | colocalization-custom-geometry: check selector-row child gap,Bespoke editor states are measured with synthetic and production editor surfaces.
11,Custom Editors,Project image selector summary spacing.,zero-delta,direct-measurement,v39-colocalization-custom; v41-marker-key-map; v57-list-code-editor; v58-channel-multi-select,help-dialog-geometry-overlay: help summary to next section title | images-scope-geometry-overlay: left outer margin | images-scope-geometry-overlay: input pane to output pane,Bespoke editor states are measured with synthetic and production editor surfaces.
11,Custom Editors,Project image selector action button row gap.,zero-delta,direct-measurement,v39-colocalization-custom; v41-marker-key-map; v57-list-code-editor; v58-channel-multi-select,dashboard-geometry-overlay: output pane to run button | dashboard-geometry-overlay: run button to bottom | dashboard-geometry-overlay: run button to right edge,Bespoke editor states are measured with synthetic and production editor surfaces.
11,Custom Editors,Paste Image Names button rail.,zero-delta,direct-measurement,v39-colocalization-custom; v41-marker-key-map; v57-list-code-editor; v58-channel-multi-select,images-scope-geometry-overlay: left outer margin | images-scope-geometry-overlay: input pane to output pane | images-scope-geometry-overlay: scrollbar gutter width,Bespoke editor states are measured with synthetic and production editor surfaces.
11,Custom Editors,Multi-select editor title rail.,zero-delta,direct-measurement,v39-colocalization-custom; v41-marker-key-map; v57-list-code-editor; v58-channel-multi-select,channel-panel-geometry: channel title left inset | channel-panel-geometry: channel title top inset | help-dialog-geometry-overlay: help summary to next section title,Bespoke editor states are measured with synthetic and production editor surfaces.
11,Custom Editors,Multi-select button rail.,zero-delta,direct-measurement,v39-colocalization-custom; v41-marker-key-map; v57-list-code-editor; v58-channel-multi-select,selected-images-dialog-geometry: dialog title to list gap | multi-select-dialog-geometry: dialog content left inset | multi-select-dialog-geometry: dialog content right inset,Bespoke editor states are measured with synthetic and production editor surfaces.
11,Custom Editors,Multi-select summary rail.,zero-delta,direct-measurement,v39-colocalization-custom; v41-marker-key-map; v57-list-code-editor; v58-channel-multi-select,help-dialog-geometry-overlay: help summary to next section title | selected-images-dialog-geometry: dialog title to list gap | multi-select-dialog-geometry: dialog content left inset,Bespoke editor states are measured with synthetic and production editor surfaces.
11,Custom Editors,Channel checkbox editor shell spacing.,zero-delta,direct-measurement,v39-colocalization-custom; v41-marker-key-map; v57-list-code-editor; v58-channel-multi-select,channel-panel-geometry: channel title left inset | channel-panel-geometry: channel title top inset | channel-panel-geometry: channel panel child vertical gap,Bespoke editor states are measured with synthetic and production editor surfaces.
11,Custom Editors,Marker/key map empty-state padding.,zero-delta,direct-measurement,v39-colocalization-custom; v41-marker-key-map; v57-list-code-editor; v58-channel-multi-select,colocalization-custom-geometry: marker-key empty message left inset | colocalization-custom-geometry: marker-key empty message top inset | colocalization-custom-lower-geometry: marker-key empty message left inset,Bespoke editor states are measured with synthetic and production editor surfaces.
11,Custom Editors,Marker/key map populated row padding.,zero-delta,direct-measurement,v39-colocalization-custom; v41-marker-key-map; v57-list-code-editor; v58-channel-multi-select,colocalization-custom-geometry: marker-key empty message left inset | colocalization-custom-geometry: marker-key empty message top inset | colocalization-custom-lower-geometry: marker-key empty message left inset,Bespoke editor states are measured with synthetic and production editor surfaces.
11,Custom Editors,Marker/key map key label rail.,zero-delta,direct-measurement,v39-colocalization-custom; v41-marker-key-map; v57-list-code-editor; v58-channel-multi-select,models-geometry-overlay: dependent title to dependent row label | project-menu-geometry: header simple menu label left inset | selected-images-dialog-geometry: dialog title to list gap,Bespoke editor states are measured with synthetic and production editor surfaces.
11,Custom Editors,Marker/key map value field rail.,zero-delta,direct-measurement,v39-colocalization-custom; v41-marker-key-map; v57-list-code-editor; v58-channel-multi-select,styled-log-geometry: log key-value card key left inset | styled-log-geometry: log key-value key width | styled-log-geometry: log key-value key to value gap,Bespoke editor states are measured with synthetic and production editor surfaces.
11,Custom Editors,Colocalization check row outer padding.,zero-delta,direct-measurement,v39-colocalization-custom; v41-marker-key-map; v57-list-code-editor; v58-channel-multi-select,dashboard-geometry-overlay: left outer margin | dashboard-geometry-overlay: input pane to output pane | dashboard-geometry-overlay: right outer margin,Bespoke editor states are measured with synthetic and production editor surfaces.
11,Custom Editors,Colocalization check top-row gaps.,zero-delta,direct-measurement,v39-colocalization-custom; v41-marker-key-map; v57-list-code-editor; v58-channel-multi-select,colocalization-custom-geometry: colocalization semantic card gap | colocalization-custom-geometry: semantic card title left inset | colocalization-custom-geometry: semantic card title to subtitle gap,Bespoke editor states are measured with synthetic and production editor surfaces.
11,Custom Editors,Colocalization check selector row gaps.,zero-delta,direct-measurement,v39-colocalization-custom; v41-marker-key-map; v57-list-code-editor; v58-channel-multi-select,colocalization-custom-geometry: colocalization semantic card gap | colocalization-custom-geometry: semantic card title left inset | colocalization-custom-geometry: semantic card title to subtitle gap,Bespoke editor states are measured with synthetic and production editor surfaces.
11,Custom Editors,Colocalization add/delete button rails.,zero-delta,direct-measurement,v39-colocalization-custom; v41-marker-key-map; v57-list-code-editor; v58-channel-multi-select,all-settings-geometry: section help column alignment | all-settings-geometry: section help column alignment | colocalization-custom-geometry: colocalization semantic card gap,Bespoke editor states are measured with synthetic and production editor surfaces.
12,Dialogs And New Windows,Parameter Help dialog shell padding.,zero-delta,direct-measurement,final-margin-pass-v3 help/selected dialog; v1 multi-select; v20/v21/v22 dialogs,all-settings-geometry: section parameter row gap | all-settings-geometry: section help column alignment | custom-controls-geometry: section parameter row gap,Launcher-owned dialog surfaces are measured.
12,Dialogs And New Windows,Parameter Help title/subtitle spacing.,zero-delta,direct-measurement,final-margin-pass-v3 help/selected dialog; v1 multi-select; v20/v21/v22 dialogs,all-settings-geometry: section parameter row gap | all-settings-geometry: section help column alignment | channel-panel-geometry: channel title left inset,Launcher-owned dialog surfaces are measured.
12,Dialogs And New Windows,Parameter Help summary card padding.,zero-delta,direct-measurement,final-margin-pass-v3 help/selected dialog; v1 multi-select; v20/v21/v22 dialogs,all-settings-geometry: section parameter row gap | all-settings-geometry: section help column alignment | custom-controls-geometry: section parameter row gap,Launcher-owned dialog surfaces are measured.
12,Dialogs And New Windows,Parameter Help summary label/value rails.,zero-delta,direct-measurement,final-margin-pass-v3 help/selected dialog; v1 multi-select; v20/v21/v22 dialogs,all-settings-geometry: section parameter row gap | all-settings-geometry: section help column alignment | custom-controls-geometry: section parameter row gap,Launcher-owned dialog surfaces are measured.
12,Dialogs And New Windows,Parameter Help quick-help spacing.,zero-delta,direct-measurement,final-margin-pass-v3 help/selected dialog; v1 multi-select; v20/v21/v22 dialogs,all-settings-geometry: section parameter row gap | all-settings-geometry: section help column alignment | custom-controls-geometry: section parameter row gap,Launcher-owned dialog surfaces are measured.
12,Dialogs And New Windows,Parameter Help details header spacing.,zero-delta,direct-measurement,final-margin-pass-v3 help/selected dialog; v1 multi-select; v20/v21/v22 dialogs,all-settings-geometry: section parameter row gap | all-settings-geometry: section help column alignment | custom-controls-geometry: section parameter row gap,Launcher-owned dialog surfaces are measured.
12,Dialogs And New Windows,Parameter Help details accent rail.,zero-delta,direct-measurement,final-margin-pass-v3 help/selected dialog; v1 multi-select; v20/v21/v22 dialogs,all-settings-geometry: section parameter row gap | all-settings-geometry: section help column alignment | custom-controls-geometry: section parameter row gap,Launcher-owned dialog surfaces are measured.
12,Dialogs And New Windows,Parameter Help details card padding.,zero-delta,direct-measurement,final-margin-pass-v3 help/selected dialog; v1 multi-select; v20/v21/v22 dialogs,all-settings-geometry: section parameter row gap | all-settings-geometry: section help column alignment | custom-controls-geometry: section parameter row gap,Launcher-owned dialog surfaces are measured.
12,Dialogs And New Windows,Parameter Help details card-to-card gap.,zero-delta,direct-measurement,final-margin-pass-v3 help/selected dialog; v1 multi-select; v20/v21/v22 dialogs,all-settings-geometry: section parameter row gap | all-settings-geometry: section help column alignment | custom-controls-geometry: section parameter row gap,Launcher-owned dialog surfaces are measured.
12,Dialogs And New Windows,Parameter Help scrollbar gutter.,zero-delta,direct-measurement,final-margin-pass-v3 help/selected dialog; v1 multi-select; v20/v21/v22 dialogs,all-settings-geometry: section parameter row gap | all-settings-geometry: section help column alignment | custom-controls-geometry: section parameter row gap,Launcher-owned dialog surfaces are measured.
12,Dialogs And New Windows,Selected image dialog filter margin.,zero-delta,direct-measurement,final-margin-pass-v3 help/selected dialog; v1 multi-select; v20/v21/v22 dialogs,help-dialog-geometry-overlay: help summary to next section title | help-dialog-geometry-overlay: help section title to body | help-dialog-geometry-overlay: help details accent width,Launcher-owned dialog surfaces are measured.
12,Dialogs And New Windows,Selected image dialog dual-list gap.,zero-delta,direct-measurement,final-margin-pass-v3 help/selected dialog; v1 multi-select; v20/v21/v22 dialogs,combo-popup-geometry: combo popup list left to row | help-dialog-geometry-overlay: help summary to next section title | help-dialog-geometry-overlay: help section title to body,Launcher-owned dialog surfaces are measured.
12,Dialogs And New Windows,Selected image dialog transfer button column.,zero-delta,direct-measurement,final-margin-pass-v3 help/selected dialog; v1 multi-select; v20/v21/v22 dialogs,all-settings-geometry: section help column alignment | dashboard-geometry-overlay: dashboard card column gap | help-dialog-geometry-overlay: help summary to next section title,Launcher-owned dialog surfaces are measured.
12,Dialogs And New Windows,Selected image dialog list label rail.,zero-delta,direct-measurement,final-margin-pass-v3 help/selected dialog; v1 multi-select; v20/v21/v22 dialogs,combo-popup-geometry: combo popup list left to row | help-dialog-geometry-overlay: help summary to next section title | help-dialog-geometry-overlay: help section title to body,Launcher-owned dialog surfaces are measured.
12,Dialogs And New Windows,Selected image dialog OK/Cancel rail.,zero-delta,direct-measurement,final-margin-pass-v3 help/selected dialog; v1 multi-select; v20/v21/v22 dialogs,help-dialog-geometry-overlay: help summary to next section title | help-dialog-geometry-overlay: help section title to body | help-dialog-geometry-overlay: help details accent width,Launcher-owned dialog surfaces are measured.
12,Dialogs And New Windows,Multi-select dialog filter/list/action/hint spacing.,zero-delta,direct-measurement,final-margin-pass-v3 help/selected dialog; v1 multi-select; v20/v21/v22 dialogs,combo-popup-geometry: combo popup list left to row | dashboard-geometry-overlay: output pane to run button | dashboard-geometry-overlay: run button to bottom,Launcher-owned dialog surfaces are measured.
12,Dialogs And New Windows,Settings profile text-input dialog content padding.,zero-delta,direct-measurement,final-margin-pass-v3 help/selected dialog; v1 multi-select; v20/v21/v22 dialogs,advanced-geometry: routine to advanced panel gap | all-settings-geometry: section content left padding | all-settings-geometry: section content right padding,Launcher-owned dialog surfaces are measured.
12,Dialogs And New Windows,Reset image confirmation alert padding.,zero-delta,direct-measurement,final-margin-pass-v3 help/selected dialog; v1 multi-select; v20/v21/v22 dialogs,images-scope-geometry-overlay: left outer margin | images-scope-geometry-overlay: input pane to output pane | images-scope-geometry-overlay: scrollbar gutter width,Launcher-owned dialog surfaces are measured.
12,Dialogs And New Windows,Reset project confirmation alert padding.,zero-delta,direct-measurement,final-margin-pass-v3 help/selected dialog; v1 multi-select; v20/v21/v22 dialogs,project-menu-geometry: header context menu width | project-menu-geometry: header simple menu item left inset | project-menu-geometry: header simple menu item right inset,Launcher-owned dialog surfaces are measured.
12,Dialogs And New Windows,Run failure alert padding.,zero-delta,direct-measurement,final-margin-pass-v3 help/selected dialog; v1 multi-select; v20/v21/v22 dialogs,styled-log-geometry: log failure title left inset | styled-log-geometry: log failure advice label width | styled-log-geometry: log failure advice label to value gap,Launcher-owned dialog surfaces are measured.
12,Dialogs And New Windows,Any launcher-owned list dialog padding.,zero-delta,direct-measurement,final-margin-pass-v3 help/selected dialog; v1 multi-select; v20/v21/v22 dialogs,advanced-geometry: routine to advanced panel gap | all-settings-geometry: section content left padding | all-settings-geometry: section content right padding,Launcher-owned dialog surfaces are measured.
13,Output Pane And StyledLogView,Output pane outer padding.,zero-delta,direct-measurement,final-margin-pass-v3 output/styled-log; v8 rich StyledLogView; v62 output kill rail,dashboard-geometry-overlay: left outer margin | dashboard-geometry-overlay: input pane to output pane | dashboard-geometry-overlay: visible bar to output pane,Output pane and rich StyledLogView internals are measured.
13,Output Pane And StyledLogView,Output header status rail.,zero-delta,direct-measurement,final-margin-pass-v3 output/styled-log; v8 rich StyledLogView; v62 output kill rail,dashboard-geometry-overlay: input pane to output pane | dashboard-geometry-overlay: visible bar to output pane | dashboard-geometry-overlay: input pane bottom to output pane bottom,Output pane and rich StyledLogView internals are measured.
13,Output Pane And StyledLogView,Kill Run button rail.,zero-delta,direct-measurement,final-margin-pass-v3 output/styled-log; v8 rich StyledLogView; v62 output kill rail,output-pane-geometry: kill run button right rail | output-pane-geometry: output pane left inset to status card | output-pane-geometry: output pane right inset to status card,Output pane and rich StyledLogView internals are measured.
13,Output Pane And StyledLogView,Status card padding.,zero-delta,direct-measurement,final-margin-pass-v3 output/styled-log; v8 rich StyledLogView; v62 output kill rail,dashboard-geometry-overlay: dashboard card column gap | dashboard-geometry-overlay: dashboard card row gap | dashboard-geometry-overlay: dashboard card left internal padding,Output pane and rich StyledLogView internals are measured.
13,Output Pane And StyledLogView,Status title rail.,zero-delta,direct-measurement,final-margin-pass-v3 output/styled-log; v8 rich StyledLogView; v62 output kill rail,channel-panel-geometry: channel title left inset | channel-panel-geometry: channel title top inset | help-dialog-geometry-overlay: help summary to next section title,Output pane and rich StyledLogView internals are measured.
13,Output Pane And StyledLogView,Status detail rail.,zero-delta,direct-measurement,final-margin-pass-v3 output/styled-log; v8 rich StyledLogView; v62 output kill rail,help-dialog-geometry-overlay: help details accent width | help-dialog-geometry-overlay: help details cards right inset | help-dialog-geometry-overlay: help detail card vertical gap,Output pane and rich StyledLogView internals are measured.
13,Output Pane And StyledLogView,Timeline row gap.,zero-delta,direct-measurement,final-margin-pass-v3 output/styled-log; v8 rich StyledLogView; v62 output kill rail,styled-log-geometry: log timeline dot width | styled-log-geometry: log timeline dot to label gap,Output pane and rich StyledLogView internals are measured.
13,Output Pane And StyledLogView,Copy All button rail.,zero-delta,direct-measurement,final-margin-pass-v3 output/styled-log; v8 rich StyledLogView; v62 output kill rail,output-pane-geometry: copy button right rail | styled-log-geometry: log copy button right inset | styled-log-expanded-geometry: log copy button right inset,Output pane and rich StyledLogView internals are measured.
13,Output Pane And StyledLogView,Source tab left inset.,zero-delta,direct-measurement,final-margin-pass-v3 output/styled-log; v8 rich StyledLogView; v62 output kill rail,all-settings-geometry: section content left padding | channel-panel-geometry: channel title left inset | channel-panel-geometry: channel title top inset,Output pane and rich StyledLogView internals are measured.
13,Output Pane And StyledLogView,Source tab-to-source block join.,zero-delta,direct-measurement,final-margin-pass-v3 output/styled-log; v8 rich StyledLogView; v62 output kill rail,header-action-rail-geometry: header tab top join | styled-log-geometry: log source tab left inset from block | styled-log-geometry: log source block left inset to line accent,Output pane and rich StyledLogView internals are measured.
13,Output Pane And StyledLogView,Source block padding.,zero-delta,direct-measurement,final-margin-pass-v3 output/styled-log; v8 rich StyledLogView; v62 output kill rail,styled-log-geometry: log source tab left inset from block | styled-log-geometry: log source block left inset to line accent | styled-log-expanded-geometry: log source tab left inset from block,Output pane and rich StyledLogView internals are measured.
13,Output Pane And StyledLogView,Log line accent rail.,zero-delta,direct-measurement,final-margin-pass-v3 output/styled-log; v8 rich StyledLogView; v62 output kill rail,help-dialog-geometry-overlay: help details accent width | models-geometry-overlay: independent box edge to bar | models-geometry-overlay: dependent panel edge to bar,Output pane and rich StyledLogView internals are measured.
13,Output Pane And StyledLogView,Log line accent width.,zero-delta,direct-measurement,final-margin-pass-v3 output/styled-log; v8 rich StyledLogView; v62 output kill rail,all-settings-geometry: section content left padding | all-settings-geometry: section content right padding | channel-panel-geometry: channel title left inset,Output pane and rich StyledLogView internals are measured.
13,Output Pane And StyledLogView,Plain log line accent-to-text gap.,zero-delta,direct-measurement,final-margin-pass-v3 output/styled-log; v8 rich StyledLogView; v62 output kill rail,combo-popup-geometry: combo popup row text inset | help-dialog-geometry-overlay: help details accent width | images-scope-geometry-overlay: dependent title text inset,Output pane and rich StyledLogView internals are measured.
13,Output Pane And StyledLogView,Badge-bearing log line accent-to-badge gap.,zero-delta,direct-measurement,final-margin-pass-v3 output/styled-log; v8 rich StyledLogView; v62 output kill rail,help-dialog-geometry-overlay: help details accent width | models-geometry-overlay: independent box edge to bar | models-geometry-overlay: dependent panel edge to bar,Output pane and rich StyledLogView internals are measured.
13,Output Pane And StyledLogView,Badge-to-text gap.,zero-delta,direct-measurement,final-margin-pass-v3 output/styled-log; v8 rich StyledLogView; v62 output kill rail,combo-popup-geometry: combo popup row text inset | images-scope-geometry-overlay: dependent title text inset | models-geometry-overlay: independent bar to text,Output pane and rich StyledLogView internals are measured.
13,Output Pane And StyledLogView,Message card padding.,zero-delta,direct-measurement,final-margin-pass-v3 output/styled-log; v8 rich StyledLogView; v62 output kill rail,dashboard-geometry-overlay: dashboard card column gap | dashboard-geometry-overlay: dashboard card row gap | dashboard-geometry-overlay: dashboard card left internal padding,Output pane and rich StyledLogView internals are measured.
13,Output Pane And StyledLogView,Key-value card padding.,zero-delta,direct-measurement,final-margin-pass-v3 output/styled-log; v8 rich StyledLogView; v62 output kill rail,dashboard-geometry-overlay: dashboard card column gap | dashboard-geometry-overlay: dashboard card row gap | dashboard-geometry-overlay: dashboard card left internal padding,Output pane and rich StyledLogView internals are measured.
13,Output Pane And StyledLogView,Command card padding.,zero-delta,direct-measurement,final-margin-pass-v3 output/styled-log; v8 rich StyledLogView; v62 output kill rail,dashboard-geometry-overlay: dashboard card column gap | dashboard-geometry-overlay: dashboard card row gap | dashboard-geometry-overlay: dashboard card left internal padding,Output pane and rich StyledLogView internals are measured.
13,Output Pane And StyledLogView,Failure summary card padding.,zero-delta,direct-measurement,final-margin-pass-v3 output/styled-log; v8 rich StyledLogView; v62 output kill rail,dashboard-geometry-overlay: dashboard card column gap | dashboard-geometry-overlay: dashboard card row gap | dashboard-geometry-overlay: dashboard card left internal padding,Output pane and rich StyledLogView internals are measured.
13,Output Pane And StyledLogView,Warning/error jump control spacing if present.,intentionally out of scope,not-rendered-currently,launcher output pane source search and inventory synthetic absent-state row,warning-error-jump-control: warning/error jump control spacing,No actionable warning/error jump control is currently present; the optional margin has no rendered state.
13,Output Pane And StyledLogView,Collapsed Cellpose details toggle rail.,zero-delta,direct-measurement,final-margin-pass-v3 output/styled-log; v8 rich StyledLogView; v62 output kill rail,help-dialog-geometry-overlay: help details accent width | help-dialog-geometry-overlay: help details cards right inset,Output pane and rich StyledLogView internals are measured.
13,Output Pane And StyledLogView,Expanded Cellpose hidden-body padding.,zero-delta,direct-measurement,final-margin-pass-v3 output/styled-log; v8 rich StyledLogView; v62 output kill rail,help-dialog-geometry-overlay: help section title to body | styled-log-expanded-geometry: log view left inset to status card | styled-log-expanded-geometry: log view right inset to status card,Output pane and rich StyledLogView internals are measured.
14,Button Dynamic States,Run normal/hover/pressed/disabled.,zero-delta,direct-measurement,v63-button-states-all-roles,dashboard-geometry-overlay: output pane to run button | dashboard-geometry-overlay: run button to bottom | dashboard-geometry-overlay: run button to right edge,"Every listed button role is measured across hover, pressed, and disabled bounds."
14,Button Dynamic States,Cancel normal/hover/pressed/disabled.,zero-delta,direct-measurement,v63-button-states-all-roles,button-states-geometry: cancel button hover min x delta | button-states-geometry: cancel button hover min y delta | button-states-geometry: cancel button hover width delta,"Every listed button role is measured across hover, pressed, and disabled bounds."
14,Button Dynamic States,Header menu normal/hover/pressed/disabled.,zero-delta,direct-measurement,v63-button-states-all-roles,header-action-rail-geometry: header menu button gap | button-states-geometry: header menu button hover min x delta | button-states-geometry: header menu button hover min y delta,"Every listed button role is measured across hover, pressed, and disabled bounds."
14,Button Dynamic States,Small buttons normal/hover/pressed/disabled.,zero-delta,direct-measurement,v63-button-states-all-roles,button-states-geometry: small button hover min x delta | button-states-geometry: small button hover min y delta | button-states-geometry: small button hover width delta,"Every listed button role is measured across hover, pressed, and disabled bounds."
14,Button Dynamic States,Help `?` normal/hover/pressed/disabled.,zero-delta,direct-measurement,v63-button-states-all-roles,button-states-geometry: help button hover min x delta | button-states-geometry: help button hover min y delta | button-states-geometry: help button hover width delta,"Every listed button role is measured across hover, pressed, and disabled bounds."
14,Button Dynamic States,Dialog buttons normal/hover/pressed/disabled.,zero-delta,direct-measurement,v63-button-states-all-roles,button-states-geometry: dialog button hover min x delta | button-states-geometry: dialog button hover min y delta | button-states-geometry: dialog button hover width delta,"Every listed button role is measured across hover, pressed, and disabled bounds."
14,Button Dynamic States,Output buttons normal/hover/pressed/disabled.,zero-delta,direct-measurement,v63-button-states-all-roles,button-states-geometry: output copy button hover min x delta | button-states-geometry: output copy button hover min y delta | button-states-geometry: output copy button hover width delta,"Every listed button role is measured across hover, pressed, and disabled bounds."
14,Button Dynamic States,Segmented controls normal/selected/hover/pressed.,zero-delta,direct-measurement,v63-button-states-all-roles,view-menu-geometry: header segment button gap | view-menu-geometry: header segment button width | button-states-geometry: segment button hover min x delta,"Every listed button role is measured across hover, pressed, and disabled bounds."
14,Button Dynamic States,Confirm no hover state changes size or rail position.,zero-delta,direct-measurement,v63-button-states-all-roles,models-geometry-overlay: independent help to editor | models-geometry-overlay: dependent help to editor | styled-log-geometry: log timeline dot width,"Every listed button role is measured across hover, pressed, and disabled bounds."
15,Advanced-Unlocked State,Unlock panel padding before unlock.,zero-delta,direct-measurement,v50-advanced-deep,advanced-geometry: routine to advanced panel gap | advanced-geometry: section content left padding | advanced-geometry: section content right padding,Unlocked advanced section and long-list geometry are measured.
15,Advanced-Unlocked State,Unlock phrase field rail.,zero-delta,direct-measurement,v50-advanced-deep,colocalization-custom-geometry: nested field label to editor gap | colocalization-custom-lower-geometry: nested field label to editor gap | colocalization-custom-middle-geometry: nested field label to editor gap,Unlocked advanced section and long-list geometry are measured.
15,Advanced-Unlocked State,Unlock button rail.,zero-delta,direct-measurement,v50-advanced-deep,advanced-geometry: routine to advanced panel gap | advanced-geometry: section content left padding | advanced-geometry: section content right padding,Unlocked advanced section and long-list geometry are measured.
15,Advanced-Unlocked State,Unlock status/error text rail.,zero-delta,direct-measurement,v50-advanced-deep,combo-popup-geometry: combo popup row text inset | images-scope-geometry-overlay: dependent title text inset | models-geometry-overlay: independent bar to text,Unlocked advanced section and long-list geometry are measured.
15,Advanced-Unlocked State,Advanced panel appears without changing prior pane margins.,zero-delta,direct-measurement,v50-advanced-deep,advanced-geometry: routine to advanced panel gap | dashboard-geometry-overlay: settings panel to advanced panel | images-scope-geometry-overlay: settings panel to advanced panel,Unlocked advanced section and long-list geometry are measured.
15,Advanced-Unlocked State,Advanced section-to-section gap.,zero-delta,direct-measurement,v50-advanced-deep,advanced-geometry: routine to advanced panel gap | all-settings-geometry: section content left padding | all-settings-geometry: section content right padding,Unlocked advanced section and long-list geometry are measured.
15,Advanced-Unlocked State,Advanced row rails.,zero-delta,direct-measurement,v50-advanced-deep,advanced-geometry: routine to advanced panel gap | all-settings-geometry: section help column alignment | dashboard-geometry-overlay: settings panel to advanced panel,Unlocked advanced section and long-list geometry are measured.
15,Advanced-Unlocked State,Advanced dependent panels.,zero-delta,direct-measurement,v50-advanced-deep,advanced-geometry: routine to advanced panel gap | all-settings-geometry: section help column alignment | dashboard-geometry-overlay: settings panel to advanced panel,Unlocked advanced section and long-list geometry are measured.
15,Advanced-Unlocked State,Advanced long-list scrollbar behavior.,zero-delta,direct-measurement,v50-advanced-deep,advanced-geometry: routine to advanced panel gap | combo-popup-geometry: combo popup list left to row | dashboard-geometry-overlay: input pane to output pane,Unlocked advanced section and long-list geometry are measured.
15,Advanced-Unlocked State,Advanced bottom alignment with output pane.,zero-delta,direct-measurement,v50-advanced-deep,advanced-geometry: routine to advanced panel gap | all-settings-geometry: section help column alignment | dashboard-geometry-overlay: input pane to output pane,Unlocked advanced section and long-list geometry are measured.
16,All Settings Mode,All Settings toggle selected geometry.,zero-delta,direct-measurement,final-margin-pass-v3 all-settings; v18 all-settings,all-settings-geometry: section content left padding | all-settings-geometry: section content right padding | all-settings-geometry: section parameter row gap,All Settings collapsible section geometry is measured.
16,All Settings Mode,Collapsible section header padding.,zero-delta,direct-measurement,final-margin-pass-v3 all-settings; v18 all-settings,all-settings-geometry: section content left padding | all-settings-geometry: section content right padding | all-settings-geometry: section parameter row gap,All Settings collapsible section geometry is measured.
16,All Settings Mode,Header title rail.,zero-delta,direct-measurement,final-margin-pass-v3 all-settings; v18 all-settings,channel-panel-geometry: channel title left inset | channel-panel-geometry: channel title top inset | dashboard-geometry-overlay: header to input pane,All Settings collapsible section geometry is measured.
16,All Settings Mode,Header chevron rail.,zero-delta,direct-measurement,final-margin-pass-v3 all-settings; v18 all-settings,dashboard-geometry-overlay: header to input pane | header-action-rail-geometry: header tab left inset | header-action-rail-geometry: header tab top join,All Settings collapsible section geometry is measured.
16,All Settings Mode,Header-to-content gap.,zero-delta,direct-measurement,final-margin-pass-v3 all-settings; v18 all-settings,all-settings-geometry: section content left padding | all-settings-geometry: section content right padding | custom-controls-geometry: section content left padding,All Settings collapsible section geometry is measured.
16,All Settings Mode,Section-to-section gap.,zero-delta,direct-measurement,final-margin-pass-v3 all-settings; v18 all-settings,all-settings-geometry: section content left padding | all-settings-geometry: section content right padding | all-settings-geometry: section parameter row gap,All Settings collapsible section geometry is measured.
16,All Settings Mode,Long-list scrollbar gutter.,zero-delta,direct-measurement,final-margin-pass-v3 all-settings; v18 all-settings,combo-popup-geometry: combo popup list left to row | dashboard-geometry-overlay: input pane to output pane | dashboard-geometry-overlay: scrollbar gutter width,All Settings collapsible section geometry is measured.
16,All Settings Mode,Collapsed section geometry.,zero-delta,direct-measurement,final-margin-pass-v3 all-settings; v18 all-settings,all-settings-geometry: section content left padding | all-settings-geometry: section content right padding | all-settings-geometry: section parameter row gap,All Settings collapsible section geometry is measured.
16,All Settings Mode,Expanded section geometry.,zero-delta,direct-measurement,final-margin-pass-v3 all-settings; v18 all-settings,all-settings-geometry: section content left padding | all-settings-geometry: section content right padding | all-settings-geometry: section parameter row gap,All Settings collapsible section geometry is measured.
16,All Settings Mode,Mixed advanced/routine section spacing.,zero-delta,direct-measurement,final-margin-pass-v3 all-settings; v18 all-settings,advanced-geometry: routine to advanced panel gap | all-settings-geometry: section content left padding | all-settings-geometry: section content right padding,All Settings collapsible section geometry is measured.
17,Typography And Optical Alignment,Single-line parameter baseline perception.,intentionally out of scope,visual-qa,v60-typography-optical,all-settings-geometry: section parameter row gap | custom-controls-geometry: section parameter row gap | images-scope-geometry-overlay: focused header to parameter grid,Typography perception is renderer-dependent visual QA; shell geometry is measured zero-delta.
17,Typography And Optical Alignment,Dependent title baseline vs row label baseline.,intentionally out of scope,visual-qa,v60-typography-optical,all-settings-geometry: section help column alignment | channel-panel-geometry: channel title left inset | channel-panel-geometry: channel title top inset,Typography perception is renderer-dependent visual QA; shell geometry is measured zero-delta.
17,Typography And Optical Alignment,Badge/title/subtitle visual alignment.,intentionally out of scope,visual-qa,v60-typography-optical,all-settings-geometry: section help column alignment | channel-panel-geometry: channel title left inset | channel-panel-geometry: channel title top inset,Typography perception is renderer-dependent visual QA; shell geometry is measured zero-delta.
17,Typography And Optical Alignment,Button text vertical centering.,intentionally out of scope,visual-qa,v60-typography-optical,channel-panel-geometry: channel panel child vertical gap | combo-popup-geometry: combo popup row text inset | help-dialog-geometry-overlay: help detail card vertical gap,Typography perception is renderer-dependent visual QA; shell geometry is measured zero-delta.
17,Typography And Optical Alignment,Combo text vertical centering.,intentionally out of scope,visual-qa,v60-typography-optical,channel-panel-geometry: channel panel child vertical gap | closed-combo-geometry: closed combo left cell inset | combo-popup-geometry: combo popup list left to row,Typography perception is renderer-dependent visual QA; shell geometry is measured zero-delta.
17,Typography And Optical Alignment,Dialog title/body baseline.,intentionally out of scope,visual-qa,v60-typography-optical,channel-panel-geometry: channel title left inset | channel-panel-geometry: channel title top inset | help-dialog-geometry-overlay: help summary to next section title,Typography perception is renderer-dependent visual QA; shell geometry is measured zero-delta.
17,Typography And Optical Alignment,Log badge text centering.,intentionally out of scope,visual-qa,v60-typography-optical,combo-popup-geometry: combo popup row text inset | images-scope-geometry-overlay: dependent title text inset | models-geometry-overlay: independent bar to text,Typography perception is renderer-dependent visual QA; shell geometry is measured zero-delta.
17,Typography And Optical Alignment,Any node-bound-equal but visually-off text case.,intentionally out of scope,visual-qa,v60-typography-optical,combo-popup-geometry: combo popup row text inset | images-scope-geometry-overlay: dependent title text inset | models-geometry-overlay: independent bar to text,Typography perception is renderer-dependent visual QA; shell geometry is measured zero-delta.
18,Residual GUI Ownership And Provenance,Settings profile load FileChooser is classified.,intentionally out of scope,source-classification,docs/gui-residual-margin-audit.csv,settings-profile-load-native: settings profile load FileChooser classification,Native OS file chooser remains outside ASTRA-owned render geometry unless replaced.
18,Residual GUI Ownership And Provenance,Run-complete dialog is ASTRA-owned.,source-classified,source-classification,docs/gui-residual-margin-audit.csv,run-complete-dialog-astra-owned: Run-complete dialog classification,Run completion now routes through PipelineLauncher.showAstraMessage and the shared ASTRA dialog shell.
18,Residual GUI Ownership And Provenance,RuntimeInstaller confirmation dialog is ASTRA-owned.,source-classified,source-classification,docs/gui-residual-margin-audit.csv,runtime-confirmation-astra-owned: RuntimeInstaller confirmation dialog classification,Runtime setup confirmation now routes through PipelineLauncher.createAstraSuccessConfirmationDialog and the shared ASTRA dialog shell.
18,Residual GUI Ownership And Provenance,Bottom run progress lane is classified.,source-classified,source-classification,docs/gui-residual-margin-audit.csv,bottom-action-row: Reserved run progress lane geometry,Progress lane geometry derives from LauncherGeometry action progress tokens and stays reserved in the action row.
18,Residual GUI Ownership And Provenance,Tooltip popup geometry is explicitly tracked.,zero-delta,preview-harness,LauncherPreviewApp tooltip-geometry + PipelineLauncherTest tooltipGeometryUsesSharedTokensAndPreviewMode,tooltip-popup-geometry: tooltip text inset diagnostics,"Tooltip CSS now mirrors LauncherGeometryTokens tooltip insets and the preview harness emitted zero-delta tooltip-style popup diagnostics."
18,Residual GUI Ownership And Provenance,RuntimeInstaller progress window uses named geometry tokens.,source-classified,source-test,PipelineLauncherTest runtimeInstallerProgressWindowUsesNamedGeometryTokens,runtime-installer-progress-source: RuntimeInstaller progress window source tokenization,Progress Stage raw padding/gap/scene size literals were replaced with InstallerGeometry formulas and content is previewable.
18,Residual GUI Ownership And Provenance,RuntimeInstaller progress window has preview diagnostics.,zero-delta,preview-harness,LauncherPreviewApp runtime-installer-geometry + PipelineLauncherTest runtimeInstallerGeometryHasPreviewMode,runtime-installer-geometry: RuntimeInstaller progress preview geometry,RuntimeInstaller progress root emitted zero-delta scene size/padding/gap diagnostics through Surface.RUNTIME_INSTALLER.
18,Residual GUI Ownership And Provenance,AnimatedGradientHeader visible clip radius uses shared geometry.,source-classified,source-test,PipelineLauncherTest animatedGradientHeaderClipRadiusUsesSharedGeometryToken,animated-gradient-header-source: AnimatedGradientHeader clip and visual token classification,Visible clip radius now derives from LauncherGeometryTokens; effect constants remain named visual tokens.
18,Residual GUI Ownership And Provenance,CSS layout-like numeric declarations have provenance rows.,source-classified,source-test,PipelineLauncherTest cssLayoutLiteralsHaveResidualProvenanceRows,css-layout-literal-provenance: CSS layout literal provenance classification,CSS layout literal table must match current declarations and contain no violation rows.
